ip,request_count,unique_urls,error_rate,avg_size,post_ratio,unique_url_ratio,anomaly_score_norm,anomaly_label
10.0.0.99,150,1,1.0,210.0,1.0,0.0066666666666666,1.0,ANOMALY
185.220.101.45,100,8,1.0,180.0,0.0,0.08,0.9418447217994536,ANOMALY
172.16.5.200,50,1,0.0,4500.0,0.0,0.02,0.9052292142618101,ANOMALY
192.168.1.9,131,6,0.0,4161.045801526718,0.5038167938931297,0.0458015267175572,0.370355318686172,ANOMALY
